playlist_id,playlist_name,playlist_genre,USER_ID
37i9dQZF1DXcZDD7cfEKhW,Pop Remix,pop,3
37i9dQZF1DWZQaaqNMbbXa,Dance Pop,pop,56
37i9dQZF1DX2ENAPP1Tyed,Dance Room,pop,130
37i9dQZF1DWSJHnPb1f0X3,Cardio,pop,47
37i9dQZF1DX6pH08wMhkaI,Dance Pop Hits,pop,22
37i9dQZF1DX3PIAZMcbo2T,Pop Warmup 130 BPM,pop,9
37i9dQZF1DXahYFr91pFvG,Dance Pop: Japan,pop,127
37i9dQZF1DX4RDXswvP6Mj,K-Party Dance Mix,pop,84
0B2HdP15IucgE0vk3sluJR,Dance Pop,pop,4
4SdfG4cPG3skmTiQLozZGh,Dance Pop Tunes,pop,37
6mXh8CUBMBsBUu88a4eAQV,Pop / Dance,pop,113
2ji5tRQVfnhaX1w9FhmSzk,Todo √âxitos,pop,196
50cXvxgMGrvoUeLhkzCyIO,90s Dance Hits,pop,90
37i9dQZF1DWUUPO0Sbx2CM,Christian Dance Party,pop,206
7eERKCkgNKCCx5GYdeMIZf,Pop Dance Hits,pop,147
37i9dQZF1DXdOtZGKonFlM,Best of 2019 Dance Pop: Japan,pop,40
37i9dQZF1DWTHM4kX49UKs,Ultimate Indie Presents... Best Indie Tracks of the 2010s,pop,135
3arpkhoRWXEYbdCpVAIrRR,TUNES DANCE AND POP,pop,72
4QAzO1Z92yqqD6Mf3mOANu,Pop Ingl√©s (2020 - 2010s)üíô M√∫sica En Ingl√©s 2010s,pop,172
7316uT3vVzTidCI8cinBUv,ELETRIC POP & DANCE,pop,135
46Cl6dmeiylK6TRGXr7hHe,Pop - Pop UK - 2019 - Canadian Pop - 2019 - Pop,pop,121
10FCW9lj0NdeoYI5VVvVtY,The Sound of Post-Teen Pop,pop,196
7jQHOrErpLMStcUUSavQWR,Post teen pop,pop,154
1y42gwI5cuwjBslPyQNfqb,"post-teen alternative, indie, pop (large variety)",pop,26
1YgWQAs1s77NzieIH4ARKn,Pop Punk | Post-Hardcore,pop,8
222nc9tKxKhfZ2GBrOpwH3,Post pop teen,pop,56
6o6MNYZqHSkMAKcCHPNu7K,Intro to Post-Teen Pop,pop,66
6IT8LGpwLw3Pt2XnVUBN7j,ü§©ü§™Post Teen Popü§™ü§©,pop,182
6IErGHjBfhey8URq0mFnPi,Someone You Loved Lewis Capaldi (Pop Music Mix),pop,8
6jAPdgY9XmxC9cgkXAVmVv,Dr. Q's Prescription Playlistüíä,pop,117
4gbXqmZDUFHqlaYjf4uVyS,a taste of the mainstream,pop,136
2ltt5ouiEO301o2jbxn30d,post teen pop,pop,78
1CMvQ4Yr5DlYvYzI0Vc2UE,BALLARE - ÿ±ŸÇÿµ,pop,4
2Aud8PXoTGcyY5esHu4Aaz,Post Teen Pop,pop,181
45AKTTGQEfYgAyidW5hucn,post teen pop,pop,3
6rjxP7GQKoqqgoakzxl3PY,post teen pop,pop,160
6HprqD6WZMx5peClrxaprN,Post-Teen Pop,pop,219
3kvwJXPULhSUalL6ykJbn5,post teen pop,pop,8
2KyjkYsSsC1UR75b0m98vd,Post-teen pop,pop,206
4TvZA7Pml7mHLgbwNomlnm,post-teen pop,pop,197
2a5i2ZtEXGKwVGL16J8N0p,Electro Pop | Electropop,pop,14
7kyvBmlc1uSqsTL0EuNLrx,Electropop Hits  2017-2020,pop,58
4Bi8VLtaSu0JILliif8lH6,Electropop 2019,pop,184
2UsEj2GUukV0GLbsE3rldz,ELECTROPOP,pop,9
37i9dQZF1DWSOvcBNdfJ87,This Is: Javiera Mena,pop,92
4frhr6RQM2fMOm2mpvOVo6,ElectroPop 2020,pop,73
5TiiHps0hNCyQ6ijVkNZQs,Electropop - Pop,pop,123
37i9dQZF1DWVT93EW7kPT9,This Is Janelle Mon√°e,pop,99
44p8nNLe4fGfUeArS3MaIX,ELECTROPOPüêπ,pop,221
3FBD3d5zl74LaoBMVC4IXq,Electropop 80/90s,pop,77
2Z5cPJ6Z4EVZAfF08amjvL,Electropop,pop,101
7p30DzTAgW6OhspSXHTI88,Electropop And Play,pop,93
23swqzpOZwW1NhPiZ7iyFI,Mix ElectroPop//ElectroHouse// DeepHouse 2020,pop,88
3VfscqF7zq65IGKiYM3FS0,ELECTROPOP EN ESPA√ëOL,pop,158
2nRWtTI9a2LWjJ9Wy3JZs5,"Maxi Pop  GOLD (New Wave, Electropop, Synth Pop...)",pop,92
53CmFroG6MWR5reOOXJX6B,Gothic / Industrial / Mittelalter / EBM / Futurepop / Gothik / Electropop,pop,24
65HtIbyFkaQPflCa4oW8KO,80's Songs | Top üíØ 80s Music Hits,pop,33
31R7Gd07KsDafqJEeL4Hqr,GTA V - Radio Mirror Park,pop,4
0cuHKz65ZPqBX1brG8djlg,ElectroPop,pop,75
1kEczIkZH8IgaWT2BiApxZ,10er Playlist,pop,45
69yb02k0ZOmukYaxJXwp76,"Indie Poptimism (PUBLIC, The Band CAMINO, lovelytheband)",pop,36
4NlAd9NpIa92IjErMyAriM,Chillout & Remixes üíú,pop,58
6lWMi4lPiiPwDqn8ZpeyAY,POPTIMISM,pop,191
7nHgmv7uyIA1KHj6qTttjH,The Sound of Indie Poptimism,pop,119
6OaTudLqBEuTyUMPxRNpZc,Indie/Jazz Poptimism,pop,180
5vIdb67lQcdFwoVkE4UMep,The Edge of Indie Poptimism,pop,162
16RNbqnNCCLlBJti7JU5nc,2019 in Indie Poptimism,pop,200
1pZWCY50kMUhshcESknir8,Indie Poptimism,pop,44
4ZO0wp9G8FA3X6oYNBzda6,A Loose Definition of Indie Poptimism,pop,126
6Ylmweq4pT7j3ScIv5uq1c,Intro to Indie Poptimism,pop,84
6MQeEHHDs6HQkN5Dlj3oKo,indie poptimismüï∫üèª,pop,100
5qFXOOxrQVyS4UCq3UilZN,The Pulse of Indie Poptimism,pop,105
49qyKvg6UAQAvIMUIGMnP3,random playlist that can't decide its genre so go ahead jam along with these catchy tunes,pop,146
7Ic1UwucK3ozdycPBIPVSR,Indie Poptimism,pop,95
4hKPJNFIhdAg4pAksn78FJ,Indie Poptimism!,pop,102
1E5VdGGWkpDQ682gdvJAZH,indie poptimism,pop,46
2QiMewRbSavfZ9MSAYz2h6,Indie Poptimism,pop,35
5jROYSZSL7cO0jGAqkPx7C,Music&Other Drugs,pop,52
744VClUYfFnZCDPcOUkg5G,Deep-deep Bubble Pop,pop,46
21nxmipQe5xtXoHHPaYfnY,Indie Poptimism,pop,63
37i9dQZF1DX0XUsuxWHRQd,RapCaviar,rap,43
37i9dQZF1DX0SM0LYsmbMT,Jazz Vibes,rap,37
37i9dQZF1DXc8kgYqQLMfH,Lush Lofi,rap,94
37i9dQZF1DX1ct2TQrAvRf,RAP 91,rap,127
37i9dQZF1DWWQRwui0ExPn,Lo-Fi Beats,rap,36
37i9dQZF1DWY6tYEFs22tT,Hip-Hop Central,rap,50
37i9dQZF1DWXJnyndhASBe,Generacja Hip Hop,rap,133
37i9dQZF1DWUFmyho2wkQU,Hip-Hop Drive,rap,30
37i9dQZF1DWT5MrZnPU1zD,Hip Hop Controller,rap,112
37i9dQZF1DX48TTZL62Yht,Hip-Hop Favourites,rap,22
37i9dQZF1DX0sDai2F5jCQ,A1 Hip-Hop,rap,216
37i9dQZF1DWVdgXTbYm2r0,Hip-Hop Mixtape,rap,222
37i9dQZF1DXdhDukKQ88Cc,DK rap,rap,214
37i9dQZF1DWTIuAboZgTMf,This Is Logic,rap,3
37i9dQZF1DX36Xw4IJIVKA,Lofi Hip-Hop,rap,65
37i9dQZF1DX76t638V6CA8,Rap Workout,rap,103
37i9dQZF1DWTggY0yqBxES,Alternative Hip Hop,rap,68
37i9dQZF1DX36edUJpD76c,Modus Mio,rap,89
37i9dQZF1DWTqYqGLu7kTX,Hip Te Hop,rap,25
37i9dQZF1DWVFZbCNivv6B,Arena Hip-Hop,rap,102
4lcyWQDOzPfcbZrcBI3FOW,Southern Hip Hop,rap,47
206vi9Q0p3juAU73flxPsz,Southern California Hip Hop Primer,rap,213
0tLHH1C4HkWEUCXXSSjbOe,Dirty South Rap Classics by DJ HOTSAUCE,rap,148
2NMW1nwQYSVlXd26uLenX6,90's Southern Hip Hop,rap,211
5wsWBmQgDtKa8CEg7wTEMi,90s-2000s Southern Hip Hop / Crunk,rap,144
0DdGqNa18DwYyfIR05OrW1,Viral Southern Hip Hop,rap,212
0Hr2h94pKN8QAGVAgD6BsD,‚ó§ Hip Hop Dance Music ‚Äì Urban ‚Äì Trap ‚Äì Breaking Locking Popping Bopping ‚Äì WOD ‚Äì World of Dance,rap,122
44bkJI1QGkT2O0GYJSsbkp,Badass Rock,rap,43
18jT9NMRZifv6cMtK2jWD4,The Sound of Southern Hip Hop,rap,161
3nTS97zUqxJBQeiXNRs963,Southern Soul BBQ Mix,rap,18
3jPkaExIWXQWklcmmF5180,"üî•üíµ Hip Hop, Rap, Heavy 808's - New School",rap,182
0VVH2Nzj6kBVGK3WIUQMAw,Minitruckin Playlist,rap,57
0275i1VNfBnsNbPl0QIBpG,Hip-Hop 'n RnB,rap,135
4IG024zoaGMurhTFBkMAv9,90's Hip Hop Ultimate Collection,rap,99
5DyJsJZOpMJh34WvUrQzMV,HIP&HOP,rap,184
3R5c1OfJY7Rzl3p28pzGtL,Southern Hip Hop,rap,198
68y3WoFJMMKDHUIpqCnoM3,Contemporary Hip Hop,rap,197
1QJ66s6YBZgxMUaVUyrhbo,3rd Coast Classics,rap,159
57sYMLFXGD4ZqizzcMD7lz,Southern Hip Hop,rap,16
4xJULuV0P5PLcMe3xP8Pgj,Southern soul & hip hop,rap,32
5joQabz9ys3XPGbSx5CaKv,Gangster Rap,rap,75
0ZRwrJ2EDGyKR6YgQPWXeO,Gangster Rap Workout,rap,176
0u0qLLE8MZc679RZWCk1TT,Russian Gangster Rap,rap,140
2e0d7otcM1oyecfi3zZPWk,Gangster Rap | 100 % Gangster,rap,119
39IFMVQdRNdb7kVfyTvHjM,Gangsta Rap/90's Hip-Hop,rap,167
1qXg9ck25tBRxeXsj8mbDG,Gangster Rap Deutsch,rap,203
6m0BqpJfSP2m5xCOFjDRHw,GTA San Andreas Radio Los Santos,rap,15
5yGuoOwRQF3o8NVRRlvCj7,90s Hiphop / Gangsta Rap,rap,101
0BwUQpqHSlC2YfKwOp2dQV,Gangsta Rap üíé Rap Party,rap,46
0t9TeyXE2mWe70JT3YwSoH,Oldschool Gangsta Rap üëë,rap,18
5GA8GDo7RQC3JEanT81B3g,GANGSTA Rap,rap,175
1g3APxk2mLVNU2TuHCPli0,90's Gangster Rap,rap,177
1Z1gW89x4MSBjkvVjGg7DQ,RAP Gangsta,rap,3
0Jw0HckkxCfIrOvpN081eV,RUSSIAN Gangster Rap,rap,113
62spXXfUxBed8nbd5xvH2O,Gangsta Rap/90's Hip-Hop,rap,55
3DUkl93JjPdOyX83SJr5ms,GANGSTA RAP,rap,133
0C2zyPdlkbWHrwVg9gqNdU,90s Gangsta Rap / Top Hip-hop Classics,rap,65
28Ke4pXWqF2A5b2GfQ1pQt,Mexican Gangsta Rap,rap,196
4sGnz2x5tbHE2YlW1nemfb,Rap Party 24/7 Radio / Gangsta Rap,rap,65
19WuHd4MxWLzE1fpMmw4S4,< DARK TRAP >,rap,212
37i9dQZF1DWXU2naFUn37x,Zona Trap,rap,66
37i9dQZF1DWWr5uieiPUVM,Trapperz Brasil,rap,87
37i9dQZF1DXde9tuMHuIsj,Trap Land,rap,169
37i9dQZF1DWY3UKS6jvnxr,Trap strefa,rap,210
37i9dQZF1DWUmxBdWX3Pp4,Trapperz,rap,18
0NCspsyf0OS4BsPgGhkQXM,Trap Nation,rap,63
37i9dQZF1DX4OjfOteYnH8,Flow Selecto,rap,115
37i9dQZF1DWXrVH01e3PIE,Trapperz Argentina,rap,23
37i9dQZF1DX1OIMC8iDi74,Trap Mojito,rap,202
37i9dQZF1DWYBXtbGSCurj,Trap Ouro,rap,152
37i9dQZF1DWTGaQ84g8alz,Trap Funk,rap,137
37i9dQZF1DX0JcH25923HT,Trap Rewind,rap,14
37i9dQZF1DXcC6YLqj8ET8,Arabic Trap,rap,220
7kzKtw5vug3IIxKfLadi8A,Sad Trap,rap,160
37i9dQZF1DWWlW7KLhEhCZ,Dose Trap,rap,131
5aPwKjwNHr6dnCejLcPTVx,Trap Nation üîä,rap,214
6ltss0ThreZ3uIMn5mr4Tm,Trap Argentino - Trap Argentina,rap,30
37i9dQZF1DWTLxOkM7PwUb,Trap Luv,rap,188
37DFLy7lqF3qiR99Ss2ZGR,Trap 2020 üî•,rap,168
7tkgK1tm9hYkWp7EFyOcAr,Trap Americana,rap,52
37i9dQZF1DX74DnfGTwugU,This Is Guns N' Roses,rock,127
22XKr7O6bzSA5bHiwRCPNK,Michael Learns To Rock album,rock,86
0KNLLunbFh9XgitPMOGmQg,The Black Album,rock,172
3j2osvmecEao5nmo9jZ5df,City Pop 1985 „Ç∑„ÉÜ„Ç£„Éº„Éù„ÉÉ„Éó,rock,1
4E3K9oQgvLcKEz0wgBBXxD,The Cranberries Best Of,rock,155
6BKqPGcrFMy6TczW0R5Vsz,Vault: Def Leppard Greatest Hits,rock,10
0XOIK4m26aeYSD61E5nSVW,80s Pop & Rock Hits and Album Tracks,rock,56
2gpKfzXEi8QWvgBNPDPk5R,Rock and Rios,rock,5
7GhTpb4eOp6403Bmgqz3db,Progressive Rock / Metal - Rock /Metal  Progresivo,rock,217
6LJtRKgDpzM8ZbbwC0jLhe,Mega Rock Ballads: The Best Slow Rock Compilation Ever !,rock,88
1bMYfBHYBCRHY5LGkjlpSy,House Of The Rising Sun,rock,87
6h9DHd1pHHiK84cQqJZyIp,Coldplay ‚Äì Ghost Stories (Deluxe Edition),rock,122
1uKFRCQYci8kVgMy3xzTVH,70s Pop & Rock Hits and Deep Tracks,rock,196
0jilq2XZP9F2fwzp2k6iXK,L' ALBUM ROCK,rock,213
2gt9IfM8ASNiDzqg5jKyR5,ONE OK ROCK with Orchestra Japan Tour 2018 Setlist,rock,134
3E88dLx4fgFYY70gdGzdnB,The Queen - La Discografia Completa,rock,4
3opIxv3Y5GmXDNpbLFZxIm,Soda Stereo ‚Äì El Ultimo Concierto,rock,209
5d1arTPDEr76KMg9geDinZ,Nikki Sixx's Top Pixx,rock,128
3yj9YnQGTdnFuKbDyXGDi6,The Sound of Album Rock,rock,177
3kysJw7lvVwSoOaL0KyW94,Caifanes La Historia,rock,146
37i9dQZF1DWXRqgorJj26U,Rock Classics,rock,72
5BygwTQ3OrbiwVsQhXFHMz,Classic Rock,rock,73
37i9dQZF1DXdOEFt9ZX0dh,Classic Rock Drive,rock,179
37i9dQZF1DWYNSm3Z3MxiM,Classic Rock Workout,rock,31
37i9dQZF1DWYDQ8wBxd7xt,Pinoy Classic Rock,rock,93
37i9dQZF1DX0fWtUuB7bFE,Classic Rock Now,rock,202
37i9dQZF1DX6TIU4D13lOY,Soft Rock Drive,rock,64
6oghIlByD49KFGNmNU8GSH,Supernatural Classic Rock,rock,104
3NcxM1LJJdua8AcRxtijNY,Classic Rock Legends,rock,194
3Ho3iO0iJykgEQNbjB2sic,"Classic Rock 70s 80s 90s, Rock Classics - 70s Rock, 80s Rock, 90s Rock Rock  Classicos",rock,168
0QUlq0LMDVXSBtbyYLTyZh,Southern Rock/Classic Rock,rock,52
29dTrOurPDrMcrnio2q6hZ,80s / Classic Rock,rock,136
37i9dQZF1DWVyizF9BJ61m,Afro Psychedelica,rock,159
6gUFdcGzKAHyDXY9TKC6cP,Classic Rock Retrogamer,rock,82
37i9dQZF1DX1lwxXvReaux,Workday: Rock Classics,rock,61
6TeyryiZ2UEf3CbLXyztFA,Classic Rock Greatest Hits,rock,101
56dbowk1V5ycS5jW7DSvi5,Blues Rock,rock,52
76lrxCrKrGDkDDf3SVPnl3,70's Classic Rock,rock,49
4lIywN6kXl9KPm3OQ8u8G7,Classic Rock Radio,rock,6
7CESj1xKbxdArRzloygvkl,Classic Rock Playlist.,rock,203
4EYSGTuqe9cVfSVpX4gtGv,The Sound of Permanent Wave,rock,27
0tOy7ZY4E2PadXIyj8zU43,Permanent wave,rock,67
0dAbaJtkS9st5o0cBe1Zcu,"Muse Radio - (Uprising, Starlight, Supermassive Black Hole, Madness)",rock,13
5Go0Jsxj1UnsU7Om841BEo,Permanent Wave,rock,58
2ExyzXAbukW7I8bDqdGvPB,Permanent Wave,rock,178
0QN4FeJQ1mpCygRg9r2JIK,Permanent wave üåä,rock,105
7rPsfDTqiZYIT4PVzQ4c0c,permanent wave,rock,104
4PjiT7SWnUsTTTvKOuR76f,keg party jukebox,rock,144
5glAD13obyL0G9SH9ukBz2,Permanent Wave,rock,45
3QGjcvI9hCZw81NqKq3ZGv,Intro to Permanent Wave,rock,137
6dqoVI7qwYLyNqbg0MPad3,Permanent Wave,rock,216
2foj4ZYVHRGqSd1aMqNPBj,Permanent Wave CHDB,rock,139
2bOjjgN1S3Gqd8vSMyafvJ,‚ë°‚ì™‚ë†‚ë® mixed,rock,115
6CgjYkPIWTxJi8RtPcki02,SNZB PERMANENT WAVE,rock,167
3e6gYPyrTbaB8BWgSHCt5j,I didn‚Äôt know perm stood for permanent (wave),rock,61
3uFyGoayrP71xS6T6Y8Bh2,permanent wave,rock,52
1VnvyBDqoV5TCZAnXYferL,Modern Indie Rock // Alternative Rock / Garage Rock / Pop Punk / Grunge / Britpop / Pop Rock,rock,80
0VS9w0NY4KXfLORkhY81s8,Permanent Wave Cafe,rock,32
3HjTMn6O6adW8vcSMnqmhw,"""Permanent Wave""",rock,214
03qQtbNHoJuFezRu2CnLuF,Permanent Wave,rock,84
37i9dQZF1DWWJOmJ7nRx0C,Rock Hard,rock,166
37i9dQZF1DX1X7WV84927n,Hard Rock,rock,151
37i9dQZF1DX68H8ZujdnN7,‚Äô80s Hard Rock,rock,105
3YouF0u7waJnolytf9JCXf,Hard Rock Workout,rock,18
5nOO372uzpOM5rB2bRWfkp,Hard Rock Workout,rock,172
37i9dQZF1DWViGKI2U5P2K,This Is Scorpions,rock,1
55ybnG2z8rpTIerRfnCsw6,HARD ROCK CAFE,rock,123
3sv5ViKoPDNnZRsklzEGMN,Hard Rock Cafe Classics,rock,74
6kXNv8J3HCYztxjOIUzApv,Hard Rock Workout,rock,111
5nQrMpkyWmxPX0gk74htMk,Hard Rock Workout!,rock,131
1gAeQGQ7hr2q7IYmaejDW6,Classic Hard Rock,rock,13
4TG1lzMD9HFvZ9E1Bk6Gnu,Workout Hard Rock,rock,207
5hvf4yL105Rw6cvCP6AMjM,Rock Hubspot,rock,173
28817h8FTrRI4V40DqHVaB,HARD ROCK Vibes,rock,120
64BvJcehegyvhqQtV82Ddz,New Hard Rock,rock,200
0y8MUle9Lf8VDNjPsskzJB,Rock Ballads 80s 90s | Best Rock Love Songs 80's 90's Music Hits,rock,165
6pZlZ20vt3aDjIKw98aBtQ,70s Hard Rock,rock,25
1NIX36ZFWEtgXSbSNghoue,Hard Rock Classics 1967-1991 (Party Edition),rock,168
0EmGNFBBgqLmvdQGPbgiMp,2000's hard rock,rock,140
37i9dQZF1DX0AMssoUKCz7,Tropical House,latin,96
37i9dQZF1DWYey22ryYM8U,Paraiso Tropical,latin,17
37i9dQZF1DX3fXJqxGjuEP,Vibra Tropical,latin,155
37i9dQZF1DX6RA5ZrA5a23,Tropical Vibes,latin,56
37i9dQZF1DXd8Gn5cSmvFy,Tropical Vibes,latin,88
37i9dQZF1DWZ1FUX6sM67g,Punto Tropical,latin,4
37i9dQZF1DWZ8fJXMbebf9,Orgulho Tropical,latin,96
2SRbIs0eBQwHeTP7kErjwo,Tropical House üèù 2020 Hits,latin,130
06zrBJ5cts5aemZmqe80J7,Tropical House üå¥,latin,218
0TT57Pe3RZNGCy98G1UQpM,TROPICALüå¥,latin,2
37i9dQZF1DX07X8UDWKEwP,Tropical Rising,latin,61
37i9dQZF1DXbtuVQL4zoey,Sunny Beats,latin,17
37i9dQZF1DX0ES2mnOVvai,Tropical Nights,latin,176
37i9dQZF1DX1bDvyV0IkZ3,Tropical Beats,latin,184
3YdAwfgQLMS4AN2WjRfRlb,Tropical House Remixes üçç Tropical Remixes & Tropical Covers,latin,39
2oivDYqm1dQK4KbwVJTaf6,Tropical House 2020,latin,140
0vbtbmyihyvl2MVYrdKdGw,Tropical Morning,latin,140
2v41efarffe6iY8qpMK5Gj,Para√≠so Tropical,latin,72
3pS63EDS40FVGYL41zAcU4,EDM TROPICAL,latin,164
37i9dQZF1DWSTc9FdySHtz,Tropical House Run 190 BPM,latin,35
37i9dQZF1DX6ThddIjWuGT,Latin Pop Classics,latin,188
37i9dQZF1DX1QnNyJOBQBv,Latin Pop VIP,latin,58
37i9dQZF1DWUxHPh2rEiHr,Global X,latin,85
37i9dQZF1DX8womvTyUjrN,Latin Pop Rising,latin,48
2kKzN3kRYDzBctlaWs7CP2,LATIN POP 2020 üî• Pop latino actual,latin,91
6IS6XTdbS9qJZgfjNKgpB8,MIX LATIN POP¬∞,latin,177
37i9dQZF1DXarsfY89zXC6,This Is Gloria Estefan,latin,61
4BmnnqWEQAamNoVjtjrQJP,Latin Pop antiguo,latin,51
5NTm3injIRkUMROsZr3C2O,Unplugged Hits üì£,latin,53
5uOMV7g6vp8WxoqXfkzKaw,Latin Pop Songs,latin,174
3CzQZEf6jmEjDmBIVO9rdR,F**KIN PERFECT,latin,65
5ifDekrUt5lbSIMTSzNNqB,Pop Latino 2019 - Mix Canciones Reggaeton & Pop Latino - Pop En Espa√±ol 2019 Musica Para Bailar,latin,57
4JkkvMpVl4lSioqQjeAL0q,2020 Hits & 2019  Hits ‚Äì Top Global Tracks üî•üî•üî•,latin,73
0HD4Pc1PK8fsyKQq9e2U2v,INDIE POP! TUNES,latin,130
6Hbd65HmEAxTJ3cHZNUz2h,RADIO POP CHARTS,latin,110
2v3I1zS56Y0cNHYsOAiCGV,LATIN POP- DJ GIAN,latin,188
2kY6lVc5EcVfI5WNKmPQQG,Fiesta Latina Mix üéàüéâüíÉüèªüï∫üèª‚òÄÔ∏èüèñ,latin,111
0k2IDDkcVyIpIgE6d1woDM,Exitos 2020 - Latin Billboard,latin,208
5wONX0lVyQE5XTxqjTUiUd,Latin Pop 2019,latin,5
5SO7xYih5w8X5FEpKvU7Rt,Great Pops,latin,18
37i9dQZF1DWY7IeIP1cdjF,Baila Reggaeton,latin,111
37i9dQZF1DWZjqjZMudx9T,Mansi√≥n Reggaet√≥n,latin,190
7xWuNevFBmwnFEg6wzdCc7,Reggaeton 2020 ‚òÄ,latin,18
37i9dQZF1DX8SfyqmSFDwe,Reggaeton Classics,latin,158
37i9dQZF1DWUlCmB8llCTB,Perreo City,latin,138
37i9dQZF1DWVskFRGurTfg,De Fiesta,latin,157
37i9dQZF1DWVOLXBOylBUZ,El Ritmo,latin,102
37i9dQZF1DX10zKzsJ2jva,¬°Viva Latino!,latin,152
37i9dQZF1DWWU6Rfto8Ppm,Reggaeton De Ayer,latin,29
0T47pLnihK4xB8Bk9IQ0Dv,Tusa - Karol G | China - Anuel AA | Estrenos Reggaeton y M√∫sica Urbana 2019,latin,62
37i9dQZF1DXdnGF35OawbN,Verano Forever,latin,91
37i9dQZF1DXco4ODkIraMD,Reggaeton Rewind,latin,75
42E6uFhL4e2nXmbmeigwXb,REGGAETON ANTIGUO üî•,latin,20
37i9dQZF1DXd8p9XRfIfUn,Academia Reggaet√≥n,latin,135
31hG19URdBvLEpQWKFYfdD,REGGAETON VIEJO,latin,178
4csIMGPI3aGo3Xy7WG8jBi,Todo Reggaeton,latin,144
03sDEv7FN58Mb9CJOs1Tgn,Reggaeton 2020 üòç üî•,latin,140
0si5tw70PIgPkY1Eva6V8f,Reggaeton viejitoüî•,latin,144
37i9dQZF1DWYBUdckfg1va,This Is: Don Omar,latin,59
3nH8aytdqNeRbcRCg3dw9q,latin hip hop,latin,115
2MYEUjX0YAI9dxrBDzoCK7,Latin Hip Hop/Freestyle,latin,193
3o3xRXWMtBMezk0E3wmtGI,Chicano Rap,latin,14
1KNl4AYfgZtOVm9KHkhPTF,Global Top 50 | 2020 Hits,latin,67
3JcJCsvBnRsA6oc7eUYDSB,Latin Village 2019,latin,54
0VsVywryrqLhHmsVFVcOAg,Urbano: Latino Vibes,latin,212
51LvliKED7oZNJR8XCiPip,Latest Latin American Hits 2020,latin,16
6hIDPF658AhRbxr8HN7OeA,Latin Hip Hop & Rap Playlist 2019,latin,56
3gV6KQYZKIuoWml0094vx6,Pop 2009-2011,latin,102
2rg9LCyvaMQvnCE2hVndpR,Latin/Hip Hop/Dancehall/Soca,latin,221
1oReEujyWpQv2OX68BVPPA,80's Freestyle/Disco Dance Party (Set Crossfade to 4-Seconds),latin,201
6a66cg3HcsjYkisYyQcov6,Today's Hits 2000-Present,latin,80
7EPbNmUW9nkRplDLSN9te4,VidaLoca - Latin / Raggaeton / Hip Hop ¬©,latin,202
1d0fonZHpN4LYHTKbmNRbm,üî•ü¶Å GOOD VIBES ONLY ü¶Åüî• // BROEDERLIEFDE || FRENNA || BROEDERS || HENKIE T  || BIZZEY || POKE \\,latin,122
396llvvFOIB9jgPg0kqNDb,LATIN FLOW MIX - M√∫sica Cristianaüéµ,latin,99
3hR2R6szlkwZeGyclTgHcF,"Hot Latino Mix (Latin, Hip Hop, Rap, RnB, Dancehall, Reggeaton, Afro)",latin,17
5fWgI0IJ1el5NB1sZ0Egsx,HIP-HOP: Latin Rap ['89-present],latin,217
0SqaMfNsngZCpPw0UuelA7,School Dance 2019 (Squeaky Clean),latin,217
2hTs6GuPwhmg4ApNqxWXLE,Los Cangri,latin,203
5WNUX6jisX0NRlVDTm6RDd,New Hip Hop‚Äè‚Äè‚Äã‚Äã   ‚Äç,r&b,205
6wyJ4bsjZaUKa9f6GeZlAO,Contemporary Urban,r&b,207
4EKXjB5zlv2DpTS84h407H,URBAN NATION,r&b,148
1fqkbjEACMlekdddm5aobE,Most Popular 2020 TOP 50,r&b,99
4I6rTSxqKl1LRvES2O9owQ,New R&B‚Äè‚Äè‚Äã‚Äã   ‚Äç,r&b,204
4Gc9TFxlqmoe50m9Yy78ei,Top Urban Underground,r&b,46
4Pbs84EQbuAblxlp6Chz0d,Urban Contemporary,r&b,58
07zF8MjQPsiYUXiAIGZ5TA,The Sound of Urban Contemporary,r&b,24
0UXwwVDipbBQeEX7h4YuKU,Chixtape 5 - Tory Lanez,r&b,198
7en9i0JMyJlRFX4r4XrXXx,urban contemporary,r&b,184
1ZlL3IQS8eB0s0RMxz02yD,Urban contemporary,r&b,151
0qOJuaqHeg4u1i6gjPKnxE,Urban contemporary,r&b,41
6HaCi9bqaiuSZEDfCEmwyo,PROJECT: Contemporary,r&b,45
5CK0fshHcik1vWyeCc0zat,Urban/Trap - Contemporary RAP,r&b,27
4WiB26kw0INKwbzfb5M6Tv,urban contemporary,r&b,2
1nFfDHtp8RY3obgen8KODl,urban CONTEMPORARY,r&b,45
0pItJZBDZFvgAOdFnSITnJ,Gospel,r&b,73
4425cRh83Uzor4qCRfM9lb,Urban Contemporary,r&b,90
6VWXakL2ojgiVC01I271e2,Cuban vibes only,r&b,140
1S7BckuYIkEazeNKOSM0uA,The 1950s/1960s/1970s/1980s/1990s/2000s/2010s with pop/r&b/soul/boogie/dance/jazz/hip hop/hop/rap.,r&b,100
37i9dQZF1DX2vsux22VuNL,Brisa Pop,r&b,152
5TDtuKDbOhrfW7C58XnriZ,Pop Hits 2020,r&b,128
37i9dQZF1DWTc5QDlvD7t0,Ultimate Indie Presents... Best Tracks of 2019,r&b,52
37i9dQZF1DWTDafB3skWPN,Feeling Accomplished,r&b,188
7ccXu2NL5YPa7PVgnQxR1j,Pop / Hip-Hop: Gas ‚õΩÔ∏è,r&b,149
3xMQTDLOIGvj3lWH5e5x6F,Charts 2020 üî•Top 2020üî•Hits 2020üî•Summer 2020üî•Pop 2020üî•Popular Musicüî•Clean Pop 2020üî•Sing Alongs,r&b,175
37i9dQZF1DX4F2k37fMTyn,Girl On Fire,r&b,104
1Sc7bobknESH7SXQcnmoX5,Hip pop,r&b,135
5XQopnmKZnE6RjR6NIzbPS,Nidza Bleja - English HIP HOP/POP Songs,r&b,27
0Ar0Ng9DlAWZtSPBvOQgOa,90s/00s Hip Hop & RnB,r&b,58
2CJsD3fcYJWcliEKnwmovU,TOP 50 GLOBAL 2020 UPDATED WEEKLY üåçüé∂ WORLDWIDE,r&b,51
3tmx4p5RGlOV1AapXOt1Ze,Hip Pop 2019,r&b,71
37i9dQZF1DX56crgoe4TG3,Bluegrass Covers,r&b,122
7FqZlaYKkQmVnguJbHuj2a,"Latest Hits 2020 - Pop, Hip Hop & RnB",r&b,137
6kVFIQBhLT4003iw2WWEv1,Musica Italiana 2020 - Playlist Pop & Hip-Hop (Canzoni Italiane 2020),r&b,153
7ENISpOJhocpMJVcGb0qcT,Today's Hits (Clean),r&b,75
7ozFIvz1bE1HPgQTUl5qfT,Smooth Hip Hop,r&b,155
4RFszTXlSMZFgpqIJS3754,Fresh Essentials,r&b,21
3ykXidKLz1eYPvuGoFlD1e,New Jack Swing,r&b,28
79xd4wnVuKZK4rJMsL2wPa,New Jack Swing - 90s R&B fused w Hip Hop,r&b,115
4sji14lrB5bgcr51lPALYH,New Jack Swing/ R&B Hits: 1987 - 2002,r&b,111
0dmInkymNnOTWvEFamSNzb,90's NEW JACK SWING,r&b,211
3krpccUV68nBGAQbvHEZDC,"Swingbeat (old skool), New Jack Swing, R&B, Hip Hop, Urban",r&b,39
6RLvj5OnEuPzI1P02KwnzK,New Jack City,r&b,28
7LjRWGUdOmBdPG1W1bga4i,90s R&B - The BET Planet Groove/Midnight Love Mix,r&b,128
3m4z6komWDtKly3Q1FvFmN,New Jack Swing | The Best üëå,r&b,94
1dsaMvnC1hXPCNGC4aVtjj,Ultimate Throwbacks Collection,r&b,8
3a9y4eeCJRmG9p4YKfqYIx,"Back in the day - R&B, New Jack Swing, Swingbeat, RNB..etc.",r&b,70
4nX6BscFtR1CozSCfv2cuR,New Jack Swing,r&b,84
4sr2xEhXQR5VuZ0LZX8TQ8,CSR 103:9 (GTA: SA),r&b,148
63Y9Sk7Twusm6ZNssHxKaa,Best of New Jack Swing,r&b,77
30z5uGyqurJn0NtkZ9e8BT,New Jack Swing -late 80's & early 90's Hip Hop and R&B,r&b,148
0zn8nuASKC0PISqD9mxCSV,The Sound of New Jack Swing,r&b,38
4mciQwEuqaUMwIWKcDMFW0,The New (Jack Swing) Testament,r&b,220
3X4HmijjKdwwLonCrOOEAZ,80s-90s R&B / New Jack Swing / Funk / Dance / Soul,r&b,176
7bdhfXlbfml9CuNn5c7372,Kenny B's Ultimate New Jack Swing Mix,r&b,86
2Ey63yNQeC9Yto7JwX9BGJ,R&B 80's/90's/00's,r&b,90
0WicovBbxeB0nvQC6IfuaT,1987-1997 OLD SKOOL JAMZ,r&b,139
37i9dQZF1DX44dZ4p5QLf4,I Love My Neo-Soul,r&b,83
78RRvktrPMSqAoCI21mNOe,Neo Soul Music,r&b,195
1eqVgsNjaX6mxDPoefhocT,Neo-Soul,r&b,30
0aS9YCNTNrDiMNa9tT49RG,Neo-Soul Guitar,r&b,183
0r5ojPhjqGVq21oQR13UJy,NEO SOUL GUITAR,r&b,217
07SNJ4MwYba9wwmzrbjmYi,Neo Soul / Modern Jazz / Smooth Hiphop,r&b,17
3q3M4VCymcMoxJ3Tl7mRqN,NEO-soul,r&b,8
0JmBB9HfrzDiZoPVRdv8ns,Groovy // Funky // Neo-Soul,r&b,70
6FZYc2BvF7tColxO8PBShV,Christmas Soul,r&b,144
4F3xAxHxeBwXhK6k6GPnrW,Neo-Soul / Soulful R&B,r&b,29
44d7ppo4cggZJmzH2WOhAc,Neo Soul 2019,r&b,136
2WbTrS5D0V2TW6DiDkJBru,NEO FUNK AND SOUL,r&b,80
2YPP7fiYu5pIcp2yyHvw4A,Neo Soul,r&b,23
2ujrP2rPxu8ao7wNeG1ZOY,Saxophone in Hip Hop - R&B Lounge - Jazz Rap,r&b,182
4zNayWuATXCAA9gaXvnFnq,Japanese Funk/Soul/NEO/Jazz/Acid,r&b,22
48AzM7l4M02DBYd2N3IFLP,Neo-Jazz Soul RnB & Afro,r&b,44
2wP2UAYC4Nqb6oUXkMJlAz,Gospel Neo Soul,r&b,72
16iNEskDatG5KbDV16F6LR,Soul Coffee (The Best Neo-Soul Mixtape ever),r&b,120
0DIwi1dMI59NItQtiNcevy,Neo-Soul Essentials,r&b,88
5EMARioe9z9eKOeWIAC2JW,Sexy Soul 2020,r&b,5
317O0e8iWJLClLGDKtieRe,Electro House 2020,edm,122
1G0q0NK7g3C0XerNqq7GbL,Electro House Top Tracks,edm,92
37i9dQZF1DX2VvACCrgjrt,Nasty Bits,edm,79
6nZaTh6K1SwhdELFTmA99C,Electro Pos√© - Discoveries,edm,24
3QEYvCsVXZj8KuzE0bDmcI,Techno House 2020 üëΩ Best Collection üëª Top DJ‚Äôs Electronic Music - Deep House - Trance - Tech House - Dance - Electro Pop,edm,183
25ButZrVb1Zj1MJioMs09D,EDM 2020 House & Dance,edm,68
0wHHL0TLztL3muzXLCDTQP,Electro Vibes,edm,3
5M7xLCQTYJL0lbKIrUn3a4,Electro Swing Top 100,edm,163
3Dr4NKbsFQ2m7tmPxGRroO,Electro Swing,edm,61
6k45gxiQhfVqACfIdqONsC,Electro House,edm,78
1N5dPU0Ca9N9AwBbUeyzX5,ELECTRO HOUSE 2020,edm,201
54XvQQsViMBwjO1ws2o2wx,New House   ‚Äç,edm,122
2Tisn6NZbeofpc57Oc6MGo,Jeff Seid Electro House,edm,202
5GiPRvTccToqwOzkoAcDrY,Crossfit‚Äè‚Äè‚Äã‚Äã   ‚Äç,edm,131
4pVZ70y8vzzkn2GVwQbQw8,Electro House - by Spinnin' Records,edm,115
0AFYmoSuoMQiGGjzvBwr6u,üíäELECTRO-HOUSE-TECHüíä,edm,134
6KnQDwp0syvhfHOR4lWP7x,Fitness Workout Electro | House | Dance | Progressive House,edm,17
7sq6nuruoMyDhEWkX2oYOg,Club Mix 2020 üçπ,edm,73
72r6odw0Q3OWTCYMGA7Yiy,House Electro 2019,edm,220
4GSiiL8tcMgvoV7K1IADb8,üîäBASSBOOSTEDüîä‚ö°ELECTRO HOUSE‚ö°üî•EDM CAR MUSIC2018/2019üî•,edm,217
3S03NWbWkrR1e7DPH9rf9Z,Big Room EDM,edm,199
3PNyCpkY7NAXyhopBpj7vc,Big Room Beast,edm,150
5Bx5niVgi3qGQQw06C0RKq,Big Room House | Festival Bangers,edm,16
6vbHQdtfmexb0ptmBSpemm,PAROOKAVILLE - Big Room,edm,68
2EnVd4ugXUybVQoQrarICY,Big Room House / Bigroom,edm,64
7xWdFCrU5Gka6qp1ODrSdK,Big Room EDM - by Spinnin' Records,edm,77
4QtO2XySphMOJt7pX0yaVi,BIG-ROOM NEVER DIES !,edm,68
6mMk6QCzEgT3QGaCV1R4S5,Dancefloor Beats,edm,132
08QTrfsYYouffgnPjmllAQ,Bounce United,edm,170
37i9dQZF1DX8SaiEt4OVJw,Locker Room,edm,40
4R4c3WdN1Any2Q1NSuec3r,Sick Big Room House Drops | EZUMI,edm,50
2oalsaFUockoPf1DU3wrL8,big boom room ‚Äî TOMORROWLAND EDC EDM BIG ROOM AMF ADE DANCE TRANCE HARDWELL TIESTO,edm,184
2yofeyPwe0ZNmJHTrGz2Qt,Trance Party 2019 by FUTURE TRANCE,edm,5
0COM4nZqdXC3sMjVdcaU7V,SINULOG Festival 2020,edm,112
71UHE27ayQs8ZDxQwY0cY1,[EAS]: Festival Big Room,edm,12
5FhhmunkvwTAsGaiXpRHkJ,Big White Room-Jessie-J,edm,214
7vJOXFe40axY7qS39vGDyH,Big Room House,edm,3
6pPpLz42hUkr8gbMirkAEl,ALPAS Music Festival,edm,170
49EXQVXh5k1t8SOhmUeyU7,Epic Bass Drops,edm,149
6SrHyxIxWfQx9ISEr6yowk,Big Room 2019,edm,110
2fbrY1tuoW8Uji14H7623k,@deniceemoberg EDM - POP REMIXES,edm,72
5CTzufLc0f6MufjKYrIaoO,EDM House & Dance,edm,189
4aUEH3uhbofktrFkXOOaKj,Pop EDM Remixes,edm,183
1T0ed6Mg0QIruHvcoWWIKy,EDM 2019,edm,73
64k01l4j6QtnZ8jMaI84AA,Waves Pop and EDM,edm,144
6mtYuOxzl58vSGnEDtZ9uB,Pop Hits 2000-2019,edm,141
0cvVad4XizGbOS0vlwZYS5,EDM - pop remixes,edm,222
5HmZtuuIDMtIy21kylqhx6,Ver√£o 2020 | Pop | Funk | Sertanejo | EDM | Top Hits 2019 - As Mais Tocadas,edm,110
2DjIfVDXGYDgRxw7IJTKVb,2010 - 2011 - 2012 - 2013 - 2014 - 2015 - 2016 - 2017 - 2018 - 2019 - 2020 TOP HITS,edm,108
37i9dQZF1DWUXxc8Mc6MmJ,K-Crazy Michioso Tunes,edm,206
7CEEEMKV41x0RlFCXWdvKF,EDM Trap,edm,207
6UJw1egIcZVfrBmcKs5uHH,2015 songs,edm,218
5EgzhnSirHRvu1AqlFLllv,Pop EDM,edm,65
67cpuBAXjwibm3LG333Oaq,Tastemakers Ball  -  EDM - POP and FUN,edm,197
2d3oOPO0csDU40JyiGwFaF,EDM Pop,edm,39
3d2JFEbvcx7p2CHkBaQeMZ,Happy EDM,edm,187
6gHk5RFrnALbDNJdaXKivi,EDM/POP,edm,55
2JPzPB9jnvJLAYtmCbvZy8,Selected House,edm,221
5CMvAWTlDPdZnkleiTHyyo,Deep Electronic Music 2020 & Progressive House,edm,173
5QaPRbVgbEcCc9jC1UxgD1,Female Vocal EDM,edm,198
5PCAWKfUWAUj8VeY8G7xRQ,Vocal House,edm,83
1lSdljPk8zcAdXVMUduDia,Hands Up‚Äè‚Äè‚Äã‚Äã   ‚Äç,edm,157
42jbIN5Zj0UUPdtmqxQRKF,House/Electro/Progressive/Disco/Lofi/Synthwave,edm,11
7fRlDx99wBg6i45OCvxwKY,Alex Workout,edm,128
53Ga3Xt9fumdJfhNNSBvzU,2011-2014 House,edm,210
1HtnPDj2V126xB9tJP786P,Electro/Progressive/Club House,edm,114
0MhTMIo1bgH6zzPh7BdChT,CHRISTIAN ELECTRO / DANCE / EDM,edm,210
4IS7o1utOzhimFEFnj9gmu,Epic Bass Drops | Best House Mixes,edm,208
2dNitDEHM9FpUGEHWc7zyW,Brand New EDM,edm,116
0o5gKmuET7F3lQnpFxvPO8,"Electr√≥nica, Progressive House, Electro House y m√°s üéß",edm,53
5BqOZpVEqRDfZScvW1QUyA,Gym (Melbourne Bounce/Progressive House),edm,102
0FCHg9zJMNNiOokh3hVcxd,Fresh EDM | Progressive House | Electro House | Trap | Deep House | Electronic | Future House/Bass,edm,137
73uj4YmsC7SJ6SbUMTvf07,"Festival Music 2019 - Warm Up Music (EDM, Big Room & Progressive House)",edm,173
29jj7pQlDqnWclbHQk21Rq,Underground Party | Hypnotic | Minimal | Acid | Big Room | Tech | Liquid,edm,130
4N1ipiKR3xla8UXtE12XBm,Trending EDM by Nik Cooper,edm,144
6jI1gFr6ANFtT8MmTvA2Ux,‚ô• EDM LOVE 2020,edm,70
